<?xml version="1.0" encoding="UTF-8"?>
<root>
  <item name="com.roughike.bottombar.BottomNavigationBehavior boolean onNestedDirectionFling(android.support.design.widget.CoordinatorLayout, V, android.view.View, float, float, int) 5">
    <annotation name="android.support.annotation.IntDef">
      <val name="value" val="{com.roughike.bottombar.VerticalScrollingBehavior.ScrollDirection.SCROLL_DIRECTION_UP, com.roughike.bottombar.VerticalScrollingBehavior.ScrollDirection.SCROLL_DIRECTION_DOWN, com.roughike.bottombar.VerticalScrollingBehavior.ScrollDirection.SCROLL_NONE}" />
    </annotation>
  </item>
  <item name="com.roughike.bottombar.BottomNavigationBehavior void onDirectionNestedPreScroll(android.support.design.widget.CoordinatorLayout, V, android.view.View, int, int, int[], int) 6">
    <annotation name="android.support.annotation.IntDef">
      <val name="value" val="{com.roughike.bottombar.VerticalScrollingBehavior.ScrollDirection.SCROLL_DIRECTION_UP, com.roughike.bottombar.VerticalScrollingBehavior.ScrollDirection.SCROLL_DIRECTION_DOWN, com.roughike.bottombar.VerticalScrollingBehavior.ScrollDirection.SCROLL_NONE}" />
    </annotation>
  </item>
  <item name="com.roughike.bottombar.BottomNavigationBehavior void onNestedVerticalOverScroll(android.support.design.widget.CoordinatorLayout, V, int, int, int) 2">
    <annotation name="android.support.annotation.IntDef">
      <val name="value" val="{com.roughike.bottombar.VerticalScrollingBehavior.ScrollDirection.SCROLL_DIRECTION_UP, com.roughike.bottombar.VerticalScrollingBehavior.ScrollDirection.SCROLL_DIRECTION_DOWN, com.roughike.bottombar.VerticalScrollingBehavior.ScrollDirection.SCROLL_NONE}" />
    </annotation>
  </item>
  <item name="com.roughike.bottombar.VerticalScrollingBehavior boolean onNestedDirectionFling(android.support.design.widget.CoordinatorLayout, V, android.view.View, float, float, int) 5">
    <annotation name="android.support.annotation.IntDef">
      <val name="value" val="{com.roughike.bottombar.VerticalScrollingBehavior.ScrollDirection.SCROLL_DIRECTION_UP, com.roughike.bottombar.VerticalScrollingBehavior.ScrollDirection.SCROLL_DIRECTION_DOWN, com.roughike.bottombar.VerticalScrollingBehavior.ScrollDirection.SCROLL_NONE}" />
    </annotation>
  </item>
  <item name="com.roughike.bottombar.VerticalScrollingBehavior int getOverScrollDirection()">
    <annotation name="android.support.annotation.IntDef">
      <val name="value" val="{com.roughike.bottombar.VerticalScrollingBehavior.ScrollDirection.SCROLL_DIRECTION_UP, com.roughike.bottombar.VerticalScrollingBehavior.ScrollDirection.SCROLL_DIRECTION_DOWN, com.roughike.bottombar.VerticalScrollingBehavior.ScrollDirection.SCROLL_NONE}" />
    </annotation>
  </item>
  <item name="com.roughike.bottombar.VerticalScrollingBehavior int getScrollDirection()">
    <annotation name="android.support.annotation.IntDef">
      <val name="value" val="{com.roughike.bottombar.VerticalScrollingBehavior.ScrollDirection.SCROLL_DIRECTION_UP, com.roughike.bottombar.VerticalScrollingBehavior.ScrollDirection.SCROLL_DIRECTION_DOWN, com.roughike.bottombar.VerticalScrollingBehavior.ScrollDirection.SCROLL_NONE}" />
    </annotation>
  </item>
  <item name="com.roughike.bottombar.VerticalScrollingBehavior overScrollDirection">
    <annotation name="android.support.annotation.IntDef">
      <val name="value" val="{com.roughike.bottombar.VerticalScrollingBehavior.ScrollDirection.SCROLL_DIRECTION_UP, com.roughike.bottombar.VerticalScrollingBehavior.ScrollDirection.SCROLL_DIRECTION_DOWN, com.roughike.bottombar.VerticalScrollingBehavior.ScrollDirection.SCROLL_NONE}" />
    </annotation>
  </item>
  <item name="com.roughike.bottombar.VerticalScrollingBehavior scrollDirection">
    <annotation name="android.support.annotation.IntDef">
      <val name="value" val="{com.roughike.bottombar.VerticalScrollingBehavior.ScrollDirection.SCROLL_DIRECTION_UP, com.roughike.bottombar.VerticalScrollingBehavior.ScrollDirection.SCROLL_DIRECTION_DOWN, com.roughike.bottombar.VerticalScrollingBehavior.ScrollDirection.SCROLL_NONE}" />
    </annotation>
  </item>
  <item name="com.roughike.bottombar.VerticalScrollingBehavior void onDirectionNestedPreScroll(android.support.design.widget.CoordinatorLayout, V, android.view.View, int, int, int[], int) 6">
    <annotation name="android.support.annotation.IntDef">
      <val name="value" val="{com.roughike.bottombar.VerticalScrollingBehavior.ScrollDirection.SCROLL_DIRECTION_UP, com.roughike.bottombar.VerticalScrollingBehavior.ScrollDirection.SCROLL_DIRECTION_DOWN, com.roughike.bottombar.VerticalScrollingBehavior.ScrollDirection.SCROLL_NONE}" />
    </annotation>
  </item>
  <item name="com.roughike.bottombar.VerticalScrollingBehavior void onNestedVerticalOverScroll(android.support.design.widget.CoordinatorLayout, V, int, int, int) 2">
    <annotation name="android.support.annotation.IntDef">
      <val name="value" val="{com.roughike.bottombar.VerticalScrollingBehavior.ScrollDirection.SCROLL_DIRECTION_UP, com.roughike.bottombar.VerticalScrollingBehavior.ScrollDirection.SCROLL_DIRECTION_DOWN, com.roughike.bottombar.VerticalScrollingBehavior.ScrollDirection.SCROLL_NONE}" />
    </annotation>
  </item>
</root>

